Post Url,Raw Caption,Skater,Pants
"https://www.instagram.com/p/CSVGkRfF-v4/
","@rollersurfer wearing @nigel_cabourn welders pants.  What a great fit!
",@rollersurfer,@nigel_cabourn welders pants
"https://www.instagram.com/p/CSO5GyyHg8P/
","@carlosribeiro91 wearing @nikesb cords.  What a great fit!
",@carlosribeiro91,@nikesb cords
"https://www.instagram.com/p/CSMcGOrDKeK/
","@ryyan.98 wearing @polarskateco 93 cords.  What a great fit!
",@ryyan.98,@polarskateco 93 cords
"https://www.instagram.com/p/CSLNtTuDUVq/
","@_brianreid wearing @grand_collection pants.  What a great fit!
",@_brianreid,@grand_collection pants
"https://www.instagram.com/p/CR6TupkF5Es/
","@jeremy_leabres wearing @levis 560. What a great fit!
",@jeremy_leabres,@levis 560
"https://www.instagram.com/p/CR3wYe-l-SX/
","@sunnysuljic wearing @digits238 pants.  What a great fit!
",@sunnysuljic,@digits238 pants
"https://www.instagram.com/p/CR1orpRFgES/
","@andreytarasovs wearing @obeyclothing straggler flooded pant.  What a great fit!
",@andreytarasovs,@obeyclothing straggler flooded pant
"https://www.instagram.com/p/CRjdEp4l8I4/
","@_brianreid wearing @grand_collection pants.  What a great fit!
",@_brianreid,@grand_collection pants
"https://www.instagram.com/p/CRXzDAKlGUE/
","@tedbarrow wearing @universal_works Bakers Pants in Dark Navy Byron Twill.  What a great fit!
",@tedbarrow,@universal_works Bakers Pants in Dark Navy Byron Twill
"https://www.instagram.com/p/CRWPFk0l-FL/
","@leather.bed.sheets wearing @carharttwip simple pant.  What a great fit!
",@leather.bed.sheets,@carharttwip simple pant
"https://www.instagram.com/p/CRSfcc-Fno4/
","@hcorbin77 wearing @poptradingcompany pants.  What a great fit!
",@hcorbin77,@poptradingcompany pants
"https://www.instagram.com/p/CROhTdHloWo/
","@t0mkn0x wearing @dickies FLEX Relaxed Fit Straight Leg Twill Work Pants.  What a great fit!
",@t0mkn0x,@dickies FLEX Relaxed Fit Straight Leg Twill Work Pants
"https://www.instagram.com/p/CRL4U1dFGVF/
","@the.real.chickenlittle wearing @supremenewyork x Timberland jeans.  What a great fit!
",@the.real.chickenlittle,@supremenewyork x Timberland jeans
"https://www.instagram.com/p/CRJylJ7FmUY/
","@jennsoto wearing @dickies carpenter jeans.  What a great fit!
",@jennsoto,@dickies carpenter jeans
"https://www.instagram.com/p/CRGygqilVMW/
","@michaelpulizzi wearing @enjoi leisure pants.  What a great fit!
",@michaelpulizzi,@enjoi leisure pants
"https://www.instagram.com/p/CRBjp_SFhg4/
","@_kyonosuke_ wearing @buttergoods santosuosso jeans.  What a great fit!
",@_kyonosuke_,@buttergoods santosuosso jeans
"https://www.instagram.com/p/CQ_IVn9FTvP/
","@fgustavoo wearing @artformbrand cargo pants.  What a great fit!
",@fgustavoo,@artformbrand cargo pants
"https://www.instagram.com/p/CQwjPk8ldH_/
","@boogerslide wearing @levis 550.  What a great fit!
",@boogerslide,@levis 550
"https://www.instagram.com/p/CQvgFvTFQJk/
","@olivierboucle wearing Hugo Boss denim.  What a great fit!
",@olivierboucle,Hugo Boss denim
"https://www.instagram.com/p/CQhT4--FTkC/
","@barneypage wearing @soursolution shorts.  What a great fit!
",@barneypage,@soursolution shorts
"https://www.instagram.com/p/CQg435XFmH3/
","@hjaltehalberg wearing @dancercph pants.  What a great fit!
",@hjaltehalberg,@dancercph pants
"https://www.instagram.com/p/CQb9XIJFkGG/
","@kris.sb wearing thrifted @guess jeans.  What a great fit!
",@kris.sb,thrifted @guess jeans
"https://www.instagram.com/p/CQQ4MTxlbHE/
","@olivierboucle wearing Hugo Boss denim.  What a great fit!
",@olivierboucle,Hugo Boss denim
"https://www.instagram.com/p/CQMhb-3Fhm7/
","@bradcromer wearing @levis silvertabs.  What a great fit!
",@bradcromer,@levis silvertabs
"https://www.instagram.com/p/CQJNLrJFhlp/
","@_kaikishi wearing @thenorthface track pants.  What a great fit!
",@_kaikishi,@thenorthface track pants
"https://www.instagram.com/p/CQD8KxeluLp/
","@edouard_depaz wearing @levisskateboarding Highland Corduroy Pant.  What a great fit!
",@edouard_depaz,@levisskateboarding Highland Corduroy Pant
"https://www.instagram.com/p/CQB1bd-FeRP/
","@aminipanini wearing @stussy brushed beach pants.  What a great fit!
",@aminipanini,@stussy brushed beach pants
"https://www.instagram.com/p/CQBUtqVlmfy/
","@casperbrooker wearing @polarskateco big boys. What a great fit!
",@casperbrooker,@polarskateco big boys
"https://www.instagram.com/p/CP1ToI1l5hZ/
","@tedbarrow wearing @bendaviscompany classics.  What a great a fit!
",@tedbarrow,@bendaviscompany classics
"https://www.instagram.com/p/CPzDo6MlKZk/
","@soypanday wearing @magentaskateboards washed denim loose pants (xl). What a great fit!
",@soypanday,@magentaskateboards washed denim loose pants (xl)
"https://www.instagram.com/p/CPp-wvxleiA/
","@0223ze wearing @poloralphlauren chinos.  What a great fit!
",@0223ze,@poloralphlauren chinos
"https://www.instagram.com/p/CPo6JCnl4k5/
","@marrekrull wearing @carharttwip simple pant.  What a great fit!
",@marrekrull,@carharttwip simple pant
"https://www.instagram.com/p/CPiYwzZlIhZ/
","@damiandx_ wearing @reelljeans baggy denim.  What a great fit!
",@damiandx_,@reelljeans baggy denim
"https://www.instagram.com/p/CPY0bK2FSC_/
","@jackcurtin wearing @gx1000 cords.  What a great fit!
",@jackcurtin,@gx1000 cords
"https://www.instagram.com/p/CPWn7BZlKzt/
","@robmaatman wearing @poptradingcompany jeans.  What a great fit!
",@robmaatman,@poptradingcompany jeans
"https://www.instagram.com/p/CPUUn06Fcd4/
","@akwxi wearing @obeyclothing easy big boy denim pant.  What a great fit!
",@akwxi,@obeyclothing easy big boy denim pant
"https://www.instagram.com/p/CPNwc5eFMXS/
","@gl333b wearing @rassvetmoscow denim baggy pants.  What a great fit!
",@gl333b,@rassvetmoscow denim baggy pants
"https://www.instagram.com/p/CPMOnFvFqCW/
","@griffingass wearing @carhartt jeans.  What a great fit!
",@griffingass,@carhartt jeans
"https://www.instagram.com/p/CO7_GbslokQ/
","@jespinall wearing @dickies relaxed straight fit carpenter jeans.  What a great fit!
",@jespinall,@dickies relaxed straight fit carpenter jeans
"https://www.instagram.com/p/CO7-0lwlFmK/
","@hermannstene wearing @polarskateco big boy cords.  What a great fit!
",@hermannstene,@polarskateco big boy cords
"https://www.instagram.com/p/CO5LKoaFYIb/
","@alexelfving wearing @polarskateco 93 denim.  What a great fit!
",@alexelfving,@polarskateco 93 denim
"https://www.instagram.com/p/CO3f7A2Fyyc/
","@jdohrs wearing @victoria.hk corduroy lazy pants.  What a great fit!
",@jdohrs,@victoria.hk corduroy lazy pants
"https://www.instagram.com/p/CO1d-L0lA93/
","@boogerslide wearing @polarskateco big boys.  What a great fit!
",@boogerslide,@polarskateco big boys
"https://www.instagram.com/p/COnFLNdlGK_/
","@colucheese wearing @buttergoods Santosuosso Denim Pants.  What a great fit!
",@colucheese,@buttergoods Santosuosso Denim Pants
"https://www.instagram.com/p/COfS0aHl85e/
","@jkirksy wearing @carharttwip simple pant.  What a great fit!
",@jkirksy,@carharttwip simple pant
"https://www.instagram.com/p/COePQ7vFUFA/
","@furioustbt wearing @dsenewcore Papy Chino Pants.  What a great fit!
",@furioustbt,@dsenewcore Papy Chino Pants
"https://www.instagram.com/p/COXy3J9F1lp/
","@_jackogrady wearing @carharttwip simple pant.  What a great fit!
",@_jackogrady,@carharttwip simple pant
"https://www.instagram.com/p/COVujxRFvq2/
","@becker_dunn wearing @uniqlo corduroy work pants.  What a great fit!
",@becker_dunn,@uniqlo corduroy work pants
"https://www.instagram.com/p/COT8jcRlsPa/
","@brendan.keaveny_ wearing @volcomskate the whaler.  What a great fit!
",@brendan.keaveny_,@volcomskate the whaler
"https://www.instagram.com/p/COP0ocMF_Sx/
","@karstenkleppan wearing @sweetsktbs.de big skate jeans.  What a great fit!
",@karstenkleppan,@sweetsktbs.de big skate jeans
"https://www.instagram.com/p/COK8LgYFlu1/
","@ryanskcarrell wearing @dickies 874.  What a great fit!
",@ryanskcarrell,@dickies 874
"https://www.instagram.com/p/COFu-NClD6B/
","@shinya_da_mas wearing vintage @levis 515 “special reserve” jeans.  What a great fit!
",@shinya_da_mas,vintage @levis 515 “special reserve” jeans
"https://www.instagram.com/p/COA3LGPlcXj/
","@pekkaaa wearing @loutre.co dead stock cords.  What a great fit!
",@pekkaaa,@loutre.co dead stock cords
"https://www.instagram.com/p/CN-uyFkFkDk/
","@sammywinter wearing @carharttwip simple pant.  What a great fit!
",@sammywinter,@carharttwip simple pant
"https://www.instagram.com/p/CN2a8gwFzhM/
","@carlisleaikens wearing @loutre.co organic denim pants.  What a great fit!
",@carlisleaikens,@loutre.co organic denim pants
"https://www.instagram.com/p/CN0kvnilBI2/
","@robinfournier_ wearing @asos ultra baggy jeans.  What a great fit!
",@robinfournier_,@asos ultra baggy jeans
"https://www.instagram.com/p/CNznrV7lMeD/
","@mmaaaaaaaax wearing vintage Anchor Blue pants.  What a great fit!
",@mmaaaaaaaax,vintage Anchor Blue pants
"https://www.instagram.com/p/CNxrTxNFrQ0/
","@dannyste1n wearing @levis silver tabs.  What a great fit!
",@dannyste1n,@levis silver tabs
"https://www.instagram.com/p/CNxBPRalMA3/
","@aaron_yant wearing vintage Interstate pants.  What a great fit!
",@aaron_yant,vintage Interstate pants
"https://www.instagram.com/p/CNpcZd0l30J/
","@coeflein wearing vintage @llbean natural fit pants.  What a great fit!
",@coeflein,vintage @llbean natural fit pants
"https://www.instagram.com/p/CNfm78Pl-VL/
","@carrotdenton wearing @levis 560.  What a great fit!
",@carrotdenton,@levis 560
"https://www.instagram.com/p/CNXKhk9lxVx/
","@ibusanyang wearing @carharttwip single knee pant.  What a great fit!
",@ibusanyang,@carharttwip single knee pant
"https://www.instagram.com/p/CNL4knEFPg-/
","@rollersurfer wearing @poeticcollective painter pants.  What a great fit!
",@rollersurfer,@poeticcollective painter pants
"https://www.instagram.com/p/CNKYReBFuiF/
","@brian_peacock wearing @helas_caps khakis.  What a great fit!
",@brian_peacock,@helas_caps khakis
"https://www.instagram.com/p/CNFJW7HF2GZ/
","@brayanalbarenga wearing @carharttwip simple pant.  What a great fit!
",@brayanalbarenga,@carharttwip simple pant
"https://www.instagram.com/p/CNCtxL8FTMD/
","@pap1chul1to wearing @levis silver tab cords. What a great fit!
",@pap1chul1to,@levis silver tab cords
"https://www.instagram.com/p/CNAMyclFMnj/
","@johnibradford wearing @dickies carpenter pants.  What a great fit!
",@johnibradford,@dickies carpenter pants
"https://www.instagram.com/p/CM4TSdSlnmP/
","@avimalina wearing @levis silver tabs.  What a great fit!
",@avimalina,@levis silver tabs
"https://www.instagram.com/p/CM2c3_RFijC/
","@karstenkleppan wearing @buttergoods jeans.  What a great fit!
",@karstenkleppan,@buttergoods jeans
"https://www.instagram.com/p/CM1vOqDl9WN/
","@suminaynay wearing @levis 560.  What a great fit!
",@suminaynay,@levis 560
"https://www.instagram.com/p/CMw7OmMFLNH/
","@colehosman wearing @levis 550.  What a great fit!
",@colehosman,@levis 550
"https://www.instagram.com/p/CMuXSqXl0ak/
","@vtanderson wearing @former krux pants.  What a great fit!
",@vtanderson,@former krux pants
"https://www.instagram.com/p/CMt_U_jFkhe/
","@jarradjcarlin wearing @palaceskateboards “baggies” jeans.  What a great fit!
",@jarradjcarlin,@palaceskateboards “baggies” jeans
"https://www.instagram.com/p/CMpgxURlkLN/
","@ryanbeckford wearing @televisistar pants.  What a great fit!
",@ryanbeckford,@televisistar pants
"https://www.instagram.com/p/CMiuFGTFpFE/
","@brian_delatorre wearing @bendaviscompany originals pants.  What a great fit!
",@brian_delatorre,@bendaviscompany originals pants
"https://www.instagram.com/p/CMZdhD6F8Hp/
","@mingus.gamble wearing @palaceskateboards cords.  What a great fit!
",@mingus.gamble,@palaceskateboards cords
"https://www.instagram.com/p/CMUwO4HlaLJ/
","@junktown wearing @ralphlauren pleated corduroy baggy fit pants.  What a great fit!
",@junktown,@ralphlauren pleated corduroy baggy fit pants
"https://www.instagram.com/p/CMQJC0uFirO/
","@sevans_ wearing @habitatskateboards team issue pants.  What a great fit!
",@sevans_,@habitatskateboards team issue pants
"https://www.instagram.com/p/CMPLKNSFLJf/
","@trevorcolden wearing @wrangler regular fit jeans.  What a great fit!
",@trevorcolden,@wrangler regular fit jeans
"https://www.instagram.com/p/CMJA009Ff_C/
","@jakehayes wearing @dickies Relaxed Fit Straight Leg Carpenter Duck Jeans.  What a great fit!
",@jakehayes,@dickies Relaxed Fit Straight Leg Carpenter Duck Jeans
"https://www.instagram.com/p/CMFVYHql7jp/
","@neenwilliams wearing @ccs standard plus jeans.  What a great fit!
",@neenwilliams,@ccs standard plus jeans
"https://www.instagram.com/p/CL9KB7CFH0H/
","@domowaka wearing @drewhouse cords.  What a great fit!
",@domowaka,@drewhouse cords
"https://www.instagram.com/p/CL7QucFFRdq/
","@bradcromer wearing @levis silvertab “baggy”. What a great fit!
",@bradcromer,@levis silvertab “baggy”
"https://www.instagram.com/p/CL4fNQVFg5D/
","@steevmull wearing @carhartt washed duck work pant.  What a great fit!
",@steevmull,@carhartt washed duck work pant
"https://www.instagram.com/p/CLw3lCBFqEZ/
","@spencerhamilton wearing @polarskateco surf pants.  What a great fit!
",@spencerhamilton,@polarskateco surf pants
"https://www.instagram.com/p/CLvEoALlgH_/
","@kilianzehnder wearing @certo_pants.  What a great fit!
",@kilianzehnder,@certo_pants
"https://www.instagram.com/p/CLsle8_Fmq-/
","@currencaples wearing @rvca Americana Relaxed Fit Chinos.  What a great fit!
",@currencaples,@rvca Americana Relaxed Fit Chinos
"https://www.instagram.com/p/CLmw3t2F1-1/
","@vmoney_savage wearing @poloralphlauren corduroys.  What a great fit!
",@vmoney_savage,@poloralphlauren corduroys
"https://www.instagram.com/p/CLZGVtyFZRJ/
","@shmatty wearing @class___official pants.  What a great fit!
",@shmatty,@class___official pants
"https://www.instagram.com/p/CLWgy-Ilyl7/
","@joeypepp wearing @carhartt double front work pants.  What a great fit!
",@joeypepp,@carhartt double front work pants
"https://www.instagram.com/p/CLQMbwDl3wA/
","@chrisathans wearing @poloralphlauren cords.  What a great fit!
",@chrisathans,@poloralphlauren cords
"https://www.instagram.com/p/CLDjeM1FA5d/
","@oilychris_9 wearing @noahclothing pants.  What a great fit!
",@oilychris_9,@noahclothing pants
"https://www.instagram.com/p/CK_pNKbF87J/
","@jahnperez_ wearing @polarskateco 93 cords.  What a great fit!
",@jahnperez_,@polarskateco 93 cords
"https://www.instagram.com/p/CK9Hd2ql4_U/
","@eric.glx wearing @artformbrand pro cargos.  What a great fit!
",@eric.glx,@artformbrand pro cargos
"https://www.instagram.com/p/CK749WBlkft/
","@trentmcclung wearing @polarskateco surf pants. What a great fit!
",@trentmcclung,@polarskateco surf pants
"https://www.instagram.com/p/CK6U3auFvuc/
","@oscarsafstrom wearing @levis silver tab “baggy”. What a great fit!
",@oscarsafstrom,@levis silver tab “baggy”
"https://www.instagram.com/p/CK1A0FRFq2a/
","@_digitaldrew wearing @polarskateco big boys.  What a great fit!
",@_digitaldrew,@polarskateco big boys
"https://www.instagram.com/p/CKzo028lDhE/
","@jth96 wearing vintage RK Brand denim.  What a great fit!
",@jth96,vintage RK Brand denim
"https://www.instagram.com/p/CKv72aElBVe/
","@shaysandiford wearing @urbanoutfitters Lazy Oaf Acid Wash Straight Jean.  What a great fit!
",@shaysandiford,@urbanoutfitters Lazy Oaf Acid Wash Straight Jean
"https://www.instagram.com/p/CKpl_YeFn8_/
","@louielopez wearing @volcom samples (coming soon). What a great fit!
",@louielopez,@volcom samples (coming soon)
"https://www.instagram.com/p/CKom-3elcZm/
","@ams_foures wearing custom pants made by @gr0mmmmm.  What a great fit!
",@ams_foures,custom pants made by @gr0mmmmm
"https://www.instagram.com/p/CKkm_zdFveT/
","@nikolaipiombo wearing @andrewdowntown pants.  What a great fit!
",@nikolaipiombo,@andrewdowntown pants
"https://www.instagram.com/p/CKhaC6vFIov/
","@aidancampbell wearing @rvca Spanky pant.  What a great fit!
",@aidancampbell,@rvca Spanky pant
"https://www.instagram.com/p/CKhD24Nl5xa/
","@becker_dunn wearing @uniqlousa corduroy pants.  What a great fit!
",@becker_dunn,@uniqlousa corduroy pants
"https://www.instagram.com/p/CKeuROFF4sq/
","@johnshanahanz wearing @pangeajeans jeans.  What a great fit!
",@johnshanahanz,@pangeajeans jeans
"https://www.instagram.com/p/CKXgdGlF-Bg/
","@leotakayama wearing @eazy_miss pants.  What a great fit!
",@leotakayama,@eazy_miss pants
"https://www.instagram.com/p/CKXXzNyF_E-/
","@top.roman wearing @polarskateco surf pants.  What a great fit!
",@top.roman,@polarskateco surf pants
"https://www.instagram.com/p/CKTjy1ClJ5G/
","@casperbrooker wearing @atlantic_drift x @loutre.co pants (coming soon). What a great fit!
",@casperbrooker,@atlantic_drift x @loutre.co pants (coming soon)
"https://www.instagram.com/p/CKOl_rvFeMa/
","@hcorbin77 wearing @obeyclothing hard work pant.  What a great fit!
",@hcorbin77,@obeyclothing hard work pant
"https://www.instagram.com/p/CKMCnPfFmC_/
","@gabrielbjorsvik wearing @montageapparel jamas pants.  What a great fit!
",@gabrielbjorsvik,@montageapparel jamas pants
"https://www.instagram.com/p/CKKlMxKFMNE/
","@bbillyyy wearing @polarskateco big boys (pitch black, size M). What a great fit!
",@bbillyyy,"@polarskateco big boys (pitch black, size M)"
"https://www.instagram.com/p/CKJ9eiPFgNn/
","@trentmcclung wearing @dickies carpenter duck jeans.  What a great fit!
",@trentmcclung,@dickies carpenter duck jeans
"https://www.instagram.com/p/CKHtyh5FGHD/
","@chrisathans wearing @ftc_skateboarding corduroys.  What a great fit!
",@chrisathans,@ftc_skateboarding corduroys
"https://www.instagram.com/p/CKEvAKzF5HE/
","@steelmcadam wearing @levis silver tab “baggy” light wash.  What a great fit!
",@steelmcadam,@levis silver tab “baggy” light wash
"https://www.instagram.com/p/CKAbOg7Fiwu/
","@m0ustagram wearing @polarskateco big boys (30x30). What a great fit!
",@m0ustagram,@polarskateco big boys (30x30)
"https://www.instagram.com/p/CJ8zjG3lkgD/
","@shintaro_hongo wearing @cookman.usa corduroy chef pants.  What a great fit!
",@shintaro_hongo,@cookman.usa corduroy chef pants
"https://www.instagram.com/p/CJ7QdxkF877/
","@caleb_mcneely wearing @hufworldwide boyd pants.  What a great fit!
",@caleb_mcneely,@hufworldwide boyd pants
"https://www.instagram.com/p/CJ6k7eglye6/
","@ecci__ wearing @carharttwip lawton pant. What a great fit!
",@ecci__,@carharttwip lawton pant
"https://www.instagram.com/p/CJ46GTAlYOE/
","@candy_jacobs wearing @televisistar pants.  What a great fit!
",@candy_jacobs,@televisistar pants
"https://www.instagram.com/p/CJ42OOdltz8/
","@chriscobracole wearing @levis 514 (34x34 - he sews the legs to fit better). What a great fit!
",@chriscobracole,@levis 514 (34x34 - he sews the legs to fit better)
"https://www.instagram.com/p/CJ4Ie1Gl1_G/
","@tedbarrow wearing @supremenewyork regular jeans (34). What a great fit!
",@tedbarrow,@supremenewyork regular jeans (34)
"https://www.instagram.com/p/CJ143VdF9K6/
","@karlberglind wearing @ourlegacy drape trouser.  What a great fit!
",@karlberglind,@ourlegacy drape trouser
"https://www.instagram.com/p/CJ03aSJlh_m/
","@ibusanyang wearing @carharttwip simple pant.  What a great fit!
",@ibusanyang,@carharttwip simple pant
"https://www.instagram.com/p/CJzLwitFujA/
","@heffty_cole wearing @televisistar pants.  What a great fit!
",@heffty_cole,@televisistar pants
"https://www.instagram.com/p/CJy6jU8lS-h/
","@currencaples wearing @rvca Americana Fit.  What a great fit!
",@currencaples,@rvca Americana Fit
"https://www.instagram.com/p/CJrvzw_l42n/
","@nassimlachhab wearing @reelljeans.  What a great fit!
",@nassimlachhab,@reelljeans
"https://www.instagram.com/p/CJpTvpDl1hg/
","@rowandavis_ wearing @polarskateco big boys.  What a great fit!
",@rowandavis_,@polarskateco big boys
"https://www.instagram.com/p/CJmtqPcl8iK/
","@tylerbluegolden wearing vintage Anchor Blue “Huge Fit” denim.  What a great fit!
",@tylerbluegolden,vintage Anchor Blue “Huge Fit” denim
"https://www.instagram.com/p/CJjME1VlVp1/
","@marcabarbier wearing @levis 560 (38x30). What a great fit!
",@marcabarbier,@levis 560 (38x30)
"https://www.instagram.com/p/CJd7SdlFIIA/
","@marekzaprazny wearing @helas_caps panto cargo pant.  What a great fit!
",@marekzaprazny,@helas_caps panto cargo pant
"https://www.instagram.com/p/CJYhcFflUrn/
","@ceeblues wearing @ceebluesstore duck canvas work pant.  What a great fit!
",@ceeblues,@ceebluesstore duck canvas work pant
"https://www.instagram.com/p/CJTu0EDFkYe/
","@_williamgomez wearing @poloralphlauren chinos.  What a great fit!
",@_williamgomez,@poloralphlauren chinos
"https://www.instagram.com/p/CJRggSgFnXR/
","@g.f.o.x wearing DONNAY men’s joggers.  What a great fit!
",@g.f.o.x,DONNAY men’s joggers
"https://www.instagram.com/p/CJO1coRlNhG/
","@dennypham wearing @antix_hardware slack hose pants in cream.  What a great fit!
",@dennypham,@antix_hardware slack hose pants in cream
"https://www.instagram.com/p/CJHOeBsFuVd/
","@jackcurtin wearing @nbnumeric fleece sweatpants.  What a great fit!
",@jackcurtin,@nbnumeric fleece sweatpants
"https://www.instagram.com/p/CJBTQXhl9M_/
","@t0mkn0x wearing @dickies FLEX Relaxed Fit Straight Leg Twill Work Pants.  What a great fit!
",@t0mkn0x,@dickies FLEX Relaxed Fit Straight Leg Twill Work Pants
"https://www.instagram.com/p/CI_FbESlXKp/
","@_simonperrottet_ wearing @levis 570.  What a great fit!
",@_simonperrottet_,@levis 570
"https://www.instagram.com/p/CI5ppVIF7Kd/
","@seoul_air wearing @bronze56k cords.  What a great fit!
",@seoul_air,@bronze56k cords
"https://www.instagram.com/p/CI25T3-FopE/
","@davidsmoreau wearing @stockholmsurfboardclub “Sune” pants.  What a great fit!
",@davidsmoreau,@stockholmsurfboardclub “Sune” pants
"https://www.instagram.com/p/CI076sdFn_B/
","@johndilo wearing @enjoi leisure pants.  What a great fit!
",@johndilo,@enjoi leisure pants
"https://www.instagram.com/p/CI0Vs89Ft_E/
","@jtsilverstein wearing vintage @tommyhilfiger Freedom Tommy Jeans.  What a great fit!
",@jtsilverstein,vintage @tommyhilfiger Freedom Tommy Jeans
"https://www.instagram.com/p/CIytXjylOt5/
","@rollersurfer wearing @polarskateco 93.  What a great fit!
",@rollersurfer,@polarskateco 93
"https://www.instagram.com/p/CIvO981lSgY/
","@johnshanahanz wearing @pangeajeans.  What a great fit!
",@johnshanahanz,@pangeajeans
"https://www.instagram.com/p/CIqegdGF9fT/
","@gl333b wearing @karrimorofficial xl cargo pants.  What a great fit!
",@gl333b,@karrimorofficial xl cargo pants
"https://www.instagram.com/p/CIoN7nOln65/
","@petesimpson wearing @levis silvertabs.  What a great fit!
",@petesimpson,@levis silvertabs
"https://www.instagram.com/p/CIjXXhjFQ6J/
","@tjrogers wearing custom @televisistar pants.  What a great fit!
",@tjrogers,custom @televisistar pants
"https://www.instagram.com/p/CIiUz_GFYYW/
","@griffin11c wearing @dickies double knee loose fit (42x32). What a great fit!
",@griffin11c,@dickies double knee loose fit (42x32)
"https://www.instagram.com/p/CIfBHSfl5d5/
","@trentmcclung wearing @stussy track pants.  What a great fit!
",@trentmcclung,@stussy track pants
"https://www.instagram.com/p/CIbF0mVFPyG/
","@0223ze wearing @dickies loose fit pants.  What a great fit!
",@0223ze,@dickies loose fit pants
"https://www.instagram.com/p/CIbDfeiFjRr/
","@shane.wreck wearing @polarskateco big boys.  What a great fit!
",@shane.wreck,@polarskateco big boys
"https://www.instagram.com/p/CIbDMWqF2lj/
","@christiandufrene wearing @polarskateco big boys.  What a great fit!
",@christiandufrene,@polarskateco big boys
"https://www.instagram.com/p/CIYTSFWF3Oe/
","@clubmaiteee wearing @loutre.co black denim.  What a great fit!
",@clubmaiteee,@loutre.co black denim
"https://www.instagram.com/p/CIWQGfoFgFY/
","@matlokbj wearing @polarskateco 93 denim.  What a great fit!
",@matlokbj,@polarskateco 93 denim
"https://www.instagram.com/p/CIT0zdDluUZ/
","@vincetouz wearing @levis 550.  What a great fit!
",@vincetouz,@levis 550
"https://www.instagram.com/p/CILwRyzFj14/
","@yonniecruz wearing @dickies Multi-Use Pocket Work Pants.  What a great fit!
",@yonniecruz,@dickies Multi-Use Pocket Work Pants
"https://www.instagram.com/p/CIIppi7l_p4/
","@jeremy_leabres wearing @levis 560.  What a great fit!
",@jeremy_leabres,@levis 560
"https://www.instagram.com/p/CIIpWvUl6jc/
","@kawaii__ookami wearing @hm striped women’s pants.  What a great fit!
",@kawaii__ookami,@hm striped women’s pants
"https://www.instagram.com/p/CIEcWVZl4We/
","@notdylanjaeb wearing thrifted Thomas Burberry 1835 Corduroys (36x32). What a great fit!
",@notdylanjaeb,thrifted Thomas Burberry 1835 Corduroys (36x32)
"https://www.instagram.com/p/CID0PRTFEWb/
","@sewakroetkov wearing @nikesb flex FTM cargos.  What a great a fit!
",@sewakroetkov,@nikesb flex FTM cargos
"https://www.instagram.com/p/CICcgx-loe3/
","@zioneffs wearing @polarskateco 93.  What a great fit!
",@zioneffs,@polarskateco 93
"https://www.instagram.com/p/CIBK0jdF0mU/
","@griffin11c wearing @dickies double knee loose fit (42x32). What a great fit!
",@griffin11c,@dickies double knee loose fit (42x32)
"https://www.instagram.com/p/CIA7eXylBKy/
","@patricc_wolf wearing @antix_hardware pants.  What a great fit!
",@patricc_wolf,@antix_hardware pants
"https://www.instagram.com/p/CH-n-ASF8kf/
","@jamie_platt_ wearing @polarskateco karate pants.  What a great fit!
",@jamie_platt_,@polarskateco karate pants
"https://www.instagram.com/p/CH8I3O8lLeu/
","@becker_dunn wearing M. Gordon Corduroy Pants (36x32). What a great fit!
",@becker_dunn,M. Gordon Corduroy Pants (36x32)
"https://www.instagram.com/p/CH0n3dfF9q_/
","@fgustavoo wearing @artformbrand pants.  What a great fit!
",@fgustavoo,@artformbrand pants
"https://www.instagram.com/p/CHyw16YlAtz/
","@remy_tav wearing @polarskateco 93.  What a great fit!
",@remy_tav,@polarskateco 93
"https://www.instagram.com/p/CHvZY24F-kJ/
","@eliasheitmann03 wearing @polarskateco big boys.  What a great fit!
",@eliasheitmann03,@polarskateco big boys
"https://www.instagram.com/p/CHqe5dVFz5B/
","@junyafire wearing @tightbooth pants.  What a great fit!
",@junyafire,@tightbooth pants
"https://www.instagram.com/p/CHp1Bs-F4Um/
","@jake_wooten wearing @levis silver tab (orange, massive) shorts 34”. What a great fit!
",@jake_wooten,"@levis silver tab (orange, massive) shorts 34”"
"https://www.instagram.com/p/CHlbTqBl82U/
","@samarriabrevard wearing new @enjoi pants.  What a great fit!
",@samarriabrevard,new @enjoi pants
"https://www.instagram.com/p/CHgrCgNlYBj/
","@tiagolemoskt wearing @cleroworld clean cut.  What a great fit!
",@tiagolemoskt,@cleroworld clean cut
"https://www.instagram.com/p/CHgl_pdFjDy/
","@qquib wearing @carhartt double knees.  What a great fit!
",@qquib,@carhartt double knees
"https://www.instagram.com/p/CHfpnZpl1lm/
","@titigormit wearing @avenue_and_son pants. What a great fit!
",@titigormit,@avenue_and_son pants
"https://www.instagram.com/p/CHeDeNUFcyx/
","@colonel_zentgraf wearing @polarskateco big boys.  What a great fit!
",@colonel_zentgraf,@polarskateco big boys
"https://www.instagram.com/p/CHeDVTcFaJZ/
","@neenwilliams wearing @ccs chinos.  What a great fit!
",@neenwilliams,@ccs chinos
"https://www.instagram.com/p/CHaf0s8Fc1S/
","@kelvinhoefler wearing @dickies carpenter jeans.  What a great fit!
",@kelvinhoefler,@dickies carpenter jeans
"https://www.instagram.com/p/CHXmifLlcZL/
","@leonardoadrian wearing @class___official denim.  What a great fit!
",@leonardoadrian,@class___official denim
"https://www.instagram.com/p/CHVGAPXFAC9/
","@t0mkn0x wearing @dickies FLEX Relaxed Fit Straight Leg Twill Comfort Waist Pants.  What a great fit!
",@t0mkn0x,@dickies FLEX Relaxed Fit Straight Leg Twill Comfort Waist Pants
"https://www.instagram.com/p/CHNwuUxFnFD/
","@0223ze wearing @poloralphlauren chinos.  What a great fit!
",@0223ze,@poloralphlauren chinos
"https://www.instagram.com/p/CHJu_WGFwvW/
","@lunchtraylipslide wearing @bendaviscompany gorilla cut.  What a great fit!
",@lunchtraylipslide,@bendaviscompany gorilla cut
"https://www.instagram.com/p/CHGsEiBl5x2/
","@tonelatham wearing @dickies carpenter jeans.  What a great fit!
",@tonelatham,@dickies carpenter jeans
"https://www.instagram.com/p/CHDbrcLFb8X/
","@akwxi wearing R&R Casuals Corduroys.  What a great fit!
",@akwxi,R&R Casuals Corduroys
"https://www.instagram.com/p/CHAq73pFZ20/
","@ronniekessner wearing @uniqlo u fit cords.  What a great fit!
",@ronniekessner,@uniqlo u fit cords
"https://www.instagram.com/p/CHAmaSFFzd0/
","@norbertszombati wearing @polarskateco corduroy surf pant.  What a great fit!
",@norbertszombati,@polarskateco corduroy surf pant
"https://www.instagram.com/p/CG913JmliC3/
","@griffingass wearing @levis 550.  What a great fit!
",@griffingass,@levis 550
"https://www.instagram.com/p/CG7TCfnlURD/
","@mecasrevm wearing @levis 560.  What a great fit!
",@mecasrevm,@levis 560
"https://www.instagram.com/p/CG1_-FxlJ89/
","@notdylanjaeb wearing @dickiesskate relaxed fit (36x30). What a great fit!
",@notdylanjaeb,@dickiesskate relaxed fit (36x30)
"https://www.instagram.com/p/CG1-vlNFaQ-/
","@gsdoggie wearing @levis 550.  What a great fit!
",@gsdoggie,@levis 550
"https://www.instagram.com/p/CGxDx2glZG1/
","@the.real.chickenlittle wearing @polarskateco big boys.  What a great fit!
",@the.real.chickenlittle,@polarskateco big boys
"https://www.instagram.com/p/CGvu3OslT-L/
","@brad.saunders wearing @xlarge_us 91 pant.  What a great fit!
",@brad.saunders,@xlarge_us 91 pant
"https://www.instagram.com/p/CGtRp08ls-p/
","@hermannstene wearing @session1988 Montage James Pant.  What a great fit!
",@hermannstene,@session1988 Montage James Pant
"https://www.instagram.com/p/CGqpB6ylcq_/
","@dale_do wearing @dickies relaxed fit straight-leg duck carpenter jean (34x30). What a great fit!
",@dale_do,@dickies relaxed fit straight-leg duck carpenter jean (34x30)
"https://www.instagram.com/p/CGqmEZfFylM/
","@m0ustagram wearing @polarskateco big boy 30x30.  What a great fit!
",@m0ustagram,@polarskateco big boy 30x30
"https://www.instagram.com/p/CGpKNM9l_E3/
","@ronniekessner wearing @uniqlo U fit work pant corduroys.  What a great fit!
",@ronniekessner,@uniqlo U fit work pant corduroys
"https://www.instagram.com/p/CGmkvaolknh/
","@avimalina wearing @levis silver tabs.  What a great fit!
",@avimalina,@levis silver tabs
"https://www.instagram.com/p/CGlWntWlYf1/
","@lucaspuig wearing @adidas terrex capsule wide leg pants.  What a great fit!
",@lucaspuig,@adidas terrex capsule wide leg pants
"https://www.instagram.com/p/CGkVe0CFL1c/
","@luis_aponte17 wearing @tommyhilfiger corduroy carpenter pants.  What a great fit!
",@luis_aponte17,@tommyhilfiger corduroy carpenter pants
"https://www.instagram.com/p/CGkVUT-lJ9h/
","@milessilvas wearing @polarskateco 93s.  What a great fit!
",@milessilvas,@polarskateco 93s
"https://www.instagram.com/p/CGhjQcFlFGE/
","@_julian_davidson wearing @dockerskhakis authentic 33x30.  What a great fit!
",@_julian_davidson,@dockerskhakis authentic 33x30
"https://www.instagram.com/p/CGc8HB7F40g/
","@skiduls wearing @brixton reserve pants.  What a great fit!
",@skiduls,@brixton reserve pants
"https://www.instagram.com/p/CGZvD94Flb9/
","@zander.sk8 wearing @polarskateco big boys.  What a great fit!
",@zander.sk8,@polarskateco big boys
"https://www.instagram.com/p/CGV95d0lslQ/
","@remy_tav wearing @carharttwip simple pant.  What a great fit!
",@remy_tav,@carharttwip simple pant
"https://www.instagram.com/p/CGSi7oQF7SZ/
","@vtanderson wearing @former pants.  What a great fit!
",@vtanderson,@former pants
"https://www.instagram.com/p/CGPqG1-lojR/
","@louielopez wearing @volcomskate loosie thrifter pants.  What a great fit!
",@louielopez,@volcomskate loosie thrifter pants
"https://www.instagram.com/p/CGNom7Vl4fS/
","@jurathedamaja wearing @levis 560.  What a great fit!
",@jurathedamaja,@levis 560
"https://www.instagram.com/p/CGKwLc3FfAT/
","@leester415 wearing @adidasskateboarding Adi Chino Pants.  What a great fit!
",@leester415,@adidasskateboarding Adi Chino Pants
"https://www.instagram.com/p/CGFzWbFFh4X/
","@top.roman wearing @polarskateco corduroy surf pants.  What a great fit!
",@top.roman,@polarskateco corduroy surf pants
"https://www.instagram.com/p/CGFJRq4l46r/
","@chazslater wearing @levis 505.  What a great fit!
",@chazslater,@levis 505
"https://www.instagram.com/p/CGDSuhJl7iZ/
","@cashmanimotherfucker wearing @levis silver tab “baggy”. What a great fit!
",@cashmanimotherfucker,@levis silver tab “baggy”
"https://www.instagram.com/p/CGBeRy6F_s1/
","@bennetttoby wearing @carhartt dungaree fit.  What a great fit!
",@bennetttoby,@carhartt dungaree fit
"https://www.instagram.com/p/CGAgmM4lIAF/
","@peeepppsss wearing @carharttwip single knee pants.  What a great fit!
",@peeepppsss,@carharttwip single knee pants
"https://www.instagram.com/p/CF9ZpDXlJE6/
","@heitordasilva wearing @loutre.co pants.  What a great fit!
",@heitordasilva,@loutre.co pants
"https://www.instagram.com/p/CF66tvfl08n/
","@chrispulman wearing @wrangler wranchers.  What a great fit!  Filmed by @bagheadcrew
",@chrispulman,@wrangler wranchers
"https://www.instagram.com/p/CF4ggx5Fhws/
","@shomataketa wearing @bananarepublic chinos.  What a great fit!
",@shomataketa,@bananarepublic chinos
"https://www.instagram.com/p/CF2fR6-FreD/
","@slappyredz wearing Enro pants (thrift store find). What a great fit!
",@slappyredz,Enro pants (thrift store find)
"https://www.instagram.com/p/CFzeqAgF933/
","@jaakkoojanen wearing @elementbrand sawyer pants.  What a great fit!
",@jaakkoojanen,@elementbrand sawyer pants
"https://www.instagram.com/p/CFwx8fDlkgJ/
","@the.real.chickenlittle wearing @levis 550 (34x32). What a great fit!
",@the.real.chickenlittle,@levis 550 (34x32)
"https://www.instagram.com/p/CFuHhobH8FR/
","@ben_degros wearing @carhartt loose fit canvas carpenter pant (B159). What a great fit!
",@ben_degros,@carhartt loose fit canvas carpenter pant (B159)
"https://www.instagram.com/p/CFsRAVQlRVt/
","@tomasta wearing Rothco Vintage M-65 Field Pants.  What a great fit!
",@tomasta,Rothco Vintage M-65 Field Pants
"https://www.instagram.com/p/CFo-j-3liUt/
","@shinpei_ueno wearing @tightbooth pants.  What a great fit!
",@shinpei_ueno,@tightbooth pants
"https://www.instagram.com/p/CFnHEwClt0w/
","@dariusking wearing @uniqlo EZY wide fit pants. What a great fit!
",@dariusking,@uniqlo EZY wide fit pants
"https://www.instagram.com/p/CFmcmwAFOz3/
","@bonezless wearing @carharttwip Simple Pant - Corduroy.  What a great fit!
",@bonezless,@carharttwip Simple Pant - Corduroy
"https://www.instagram.com/p/CFk3PO6FDSE/
","@marcusshaw92 wearing @polarskateco big boys.  What a great fit!
",@marcusshaw92,@polarskateco big boys
"https://www.instagram.com/p/CFjvE7ZFuRx/
","@willmarsh wearing @oldnavy originals.  What a great fit!
",@willmarsh,@oldnavy originals
"https://www.instagram.com/p/CFhOVZnlHAr/
","@tannrrlawlrr wearing @altamont regular fit jeans.  What a great fit!
",@tannrrlawlrr,@altamont regular fit jeans
"https://www.instagram.com/p/CFepKQlli_V/
","@tedbarrow wearing @supremenewyork work chinos.  What a great fit!
",@tedbarrow,@supremenewyork work chinos
"https://www.instagram.com/p/CFdL1LUFZwy/
","@filipemotaskate wearing @televisistarcatalog pants.  What a great fit!
",@filipemotaskate,@televisistarcatalog pants
"https://www.instagram.com/p/CFcN4E1FNpW/
","@ejisss wearing vintage @levis carpenter silver tabs.  What a great fit!
",@ejisss,vintage @levis carpenter silver tabs
"https://www.instagram.com/p/CFa__NolWTh/
","@greasepointworkwear wearing the @greasepointworkwear Easy Pant.  What a great fit!
",@greasepointworkwear,the @greasepointworkwear Easy Pant
"https://www.instagram.com/p/CFaSyKMlFEg/
","@gucc1t_ wearing @levis 505.  What a great fit!
",@gucc1t_,@levis 505
"https://www.instagram.com/p/CFW-NlVFm3M/
","@erikhherrera wearing @redkap industrial pants.  What a great fit!
",@erikhherrera,@redkap industrial pants
"https://www.instagram.com/p/CFUj2LyFy2_/
","@karlberglind wearing @levis 550.  What a great fit!
",@karlberglind,@levis 550
"https://www.instagram.com/p/CFTQ0N4lWzw/
","@nicktucker wearing @halfwaydead pants.  What a great fit!
",@nicktucker,@halfwaydead pants
"https://www.instagram.com/p/CFPgWDvFLUn/
","@ryanskcarrell wearing @televisistar pants.  What a great fit!
",@ryanskcarrell,@televisistar pants
"https://www.instagram.com/p/CFOCTf1Fzj2/
","@sewakroetkov wearing @nikesb Flex FTM cargos.  What a great fit!
",@sewakroetkov,@nikesb Flex FTM cargos
"https://www.instagram.com/p/CFKFpERlTTN/
","@beagleoneism wearing random $3.00 pants he found in Bali.  What a great fit!
",@beagleoneism,random $3.00 pants he found in Bali
"https://www.instagram.com/p/CFIZrLtlJvK/
","@vincetouz wearing @levis 550.  What a great fit!
",@vincetouz,@levis 550
"https://www.instagram.com/p/CFFL-b7lb_x/
","@paulshier wearing @stussy brushed beach pant.  What a great fit!
",@paulshier,@stussy brushed beach pant
"https://www.instagram.com/p/CFCg6VwlJDr/
","@builtbybarth wearing @gap modern khakis (relaxed fit, 34x30). What a great fit!
",@builtbybarth,"@gap modern khakis (relaxed fit, 34x30)"
"https://www.instagram.com/p/CE_w9VClrEW/
","@andawhamybar wearing @levis 550.  What a great fit!
",@andawhamybar,@levis 550
"https://www.instagram.com/p/CE-u1UgFel3/
","@justindrysen wearing @polarskateco surf pants.  What a great fit!
",@justindrysen,@polarskateco surf pants
"https://www.instagram.com/p/CE9WO04lYE_/
","@v.uhh wearing @nikesb dri-fit ftm pants.  What a great fit!
",@v.uhh,@nikesb dri-fit ftm pants
"https://www.instagram.com/p/CE6kBvoFKBf/
","@akwxi wearing vintage Puritan brand pants.  What a great fit!
",@akwxi,vintage Puritan brand pants
"https://www.instagram.com/p/CE4gQtFlWO_/
","@kevinspankylong wearing @rvca x @bakerskateboards jeans (coming soon). What a great fit!
",@kevinspankylong,@rvca x @bakerskateboards jeans (coming soon)
"https://www.instagram.com/p/CE4BsccF0ZC/
","@aminipanini wearing @levis silver tabs (baggy). What a great fit!
",@aminipanini,@levis silver tabs (baggy)
"https://www.instagram.com/p/CE1cRs6FXZU/
","@donovon.piscopo wearing @bendaviscompany originals.  What a great fit!
",@donovon.piscopo,@bendaviscompany originals
"https://www.instagram.com/p/CEy89NyllrJ/
","@jakeaust1n wearing @polarskateco big boys.  What a great fit!
",@jakeaust1n,@polarskateco big boys
"https://www.instagram.com/p/CEwaPH8lNRV/
","@willblaty wearing @dickiesskate loose fit double knee in charcoal.  What a great fit!
",@willblaty,@dickiesskate loose fit double knee in charcoal
"https://www.instagram.com/p/CEtt50AFRxj/
","@ppgasb wearing @obeyclothing “easy” pants.  What a great fit!
",@ppgasb,@obeyclothing “easy” pants
"https://www.instagram.com/p/CErDTHblopz/
","@dylanjaeb wearing @dickiesskate flex fit (36x30). What a great fit!
",@dylanjaeb,@dickiesskate flex fit (36x30)
"https://www.instagram.com/p/CEpQWf3lhz8/
","@christiandufrene wearing @polarskateco 93 denim.  What a great fit!
",@christiandufrene,@polarskateco 93 denim
"https://www.instagram.com/p/CEl7iWulNvy/
","@pjladd wearing @nikesb FTM-5 pocket pants.  What a great fit!
",@pjladd,@nikesb FTM-5 pocket pants
"https://www.instagram.com/p/CEjUjSeFMlF/
","@johnshanahanz wearing @pangeajeans.  What a great fit!
",@johnshanahanz,@pangeajeans
"https://www.instagram.com/p/CEg2qN2Feex/
","@simonkallkvist wearing @sweetsktbs big skate jeans.  What a great fit!
",@simonkallkvist,@sweetsktbs big skate jeans
"https://www.instagram.com/p/CEeVI66lXRo/
","@tjrogers wearing custom @televisistar pants.  What a great fit!
",@tjrogers,custom @televisistar pants
"https://www.instagram.com/p/CEbpbYNl8qe/
","@kegstan wearing @69us denim knee pocket pants.  What a great fit!
",@kegstan,@69us denim knee pocket pants
"https://www.instagram.com/p/CEZJIrBF4co/
","@camronsheprd wearing @supremenewyork pants.  What a great fit!
",@camronsheprd,@supremenewyork pants
"https://www.instagram.com/p/CEXfKpLlwrr/
","@taylormcclung wearing @carharttwip jeans.  What a great fit!
",@taylormcclung,@carharttwip jeans
"https://www.instagram.com/p/CEURgE4l3Xl/
","@chrislarue wearing Urban Pipeline jeans.  What a great fit!
",@chrislarue,Urban Pipeline jeans
"https://www.instagram.com/p/CERWKnVlQI0/
","@stolen.item wearing Highland Outfitters Dragon Pants.  What a great fit!
",@stolen.item,Highland Outfitters Dragon Pants
"https://www.instagram.com/p/CEOw8BJFh5H/
","@gageboyle wearing @volcomskate Abandoned Playground Billow in Black Venom Wash.  What a great fit!
",@gageboyle,@volcomskate Abandoned Playground Billow in Black Venom Wash
"https://www.instagram.com/p/CEMvcceFplc/
","@_youngbao_ wearing @levis 560.  What a great fit!
",@_youngbao_,@levis 560
"https://www.instagram.com/p/CEMSAp0FM9Q/
","@prideandvanityy wearing “Random pants from a Chinese store in Barcelona”. What a great fit!
",@prideandvanityy,“Random pants from a Chinese store in Barcelona”
"https://www.instagram.com/p/CEJkwZ6FTOQ/
","@alecspinosi wearing @poloralphlauren cords.  What a great fit!
",@alecspinosi,@poloralphlauren cords
"https://www.instagram.com/p/CEG-mzCFxSb/
","@jud4h_ wearing Anchor Blue baggy jeans.  What a great fit!
",@jud4h_,Anchor Blue baggy jeans
"https://www.instagram.com/p/CEFUbEblBDl/
","@_ang3ldust wearing @televisistar pants. What a great fit!
",@_ang3ldust,@televisistar pants
"https://www.instagram.com/p/CEB-or3pV-N/
","@karlberglind wearing @goonsandgoddess samples.  What a great fit!
",@karlberglind,@goonsandgoddess samples
"https://www.instagram.com/p/CEAu8BOlaa8/
","@frank.mp2 wearing @polarskateco big boys (originally green and dyed black). What a great fit!
",@frank.mp2,@polarskateco big boys (originally green and dyed black)
"https://www.instagram.com/p/CEAuzULFI66/
","@bennetttoby wearing @polarskateco ‘93 denim.  What a great fit!
",@bennetttoby,@polarskateco ‘93 denim
"https://www.instagram.com/p/CD_RF5Al4_U/
","@ronniekessner wearing @polarskateco ‘93 cords.  What a great fit!
",@ronniekessner,@polarskateco ‘93 cords
"https://www.instagram.com/p/CD82MIklDTK/
","@axelcrusher wearing @volcomskate skate EU pant (unreleased). What a great fit!
",@axelcrusher,@volcomskate skate EU pant (unreleased)
"https://www.instagram.com/p/CD6SlYllC6X/
","@rileypavey wearing @personal_joint jeans.  What a great fit!
",@rileypavey,@personal_joint jeans
"https://www.instagram.com/p/CD6O733le1y/
","@dougiegeorge wearing vintage @tommyhilfiger carpenter jeans.  What a great fit!
",@dougiegeorge,vintage @tommyhilfiger carpenter jeans
"https://www.instagram.com/p/CD3zqgCFDdY/
","@qamuel wearing @poeticcollective pants.  What a great fit!
",@qamuel,@poeticcollective pants
"https://www.instagram.com/p/CD08QxEFtQL/
","@santiago_sasson wearing @futur denim.  What a great fit!
",@santiago_sasson,@futur denim
"https://www.instagram.com/p/CDyeRYiFJWk/
","@karstenkleppan wearing @polarskateco big boys.  What a great fit!
",@karstenkleppan,@polarskateco big boys
"https://www.instagram.com/p/CDw3EB_lFPd/
","@marcusshaw92 wearing vintage Racing Horse jeans.  What a great fit!
",@marcusshaw92,vintage Racing Horse jeans
"https://www.instagram.com/p/CDu0VxxlErl/
","@jackd0t wearing @dockerskhakis relaxed fit cords.  What a great fit!
",@jackd0t,@dockerskhakis relaxed fit cords
"https://www.instagram.com/p/CDtSMWclrwB/
","@wannagotopariss wearing @levis 569.  What a great fit!
",@wannagotopariss,@levis 569
"https://www.instagram.com/p/CDq6VbgF9ij/
","@james_capps wearing @dickies 874 flex.  What a great fit!
",@james_capps,@dickies 874 flex
"https://www.instagram.com/p/CDoMBIjluX9/
","@jarneverbruggen wearing @yeahleyeah pants.  What a great fit!
",@jarneverbruggen,@yeahleyeah pants
"https://www.instagram.com/p/CDmsWy-l-4Q/
","@gx1000 wearing @gx1000 corduroy pants.  What a great fit!
",@gx1000,@gx1000 corduroy pants
"https://www.instagram.com/p/CDmrbbflAU9/
","@cyrusbnt wearing @levis silver tabs.  What a great fit!
",@cyrusbnt,@levis silver tabs
"https://www.instagram.com/p/CDmESTSl6fC/
","@simonkallkvist wearing @poeticcollective painter pant.  What a great fit!
",@simonkallkvist,@poeticcollective painter pant
"https://www.instagram.com/p/CDi7MLNlydv/
","@karlberglind wearing US Army Fatigue Pants (Og147). What a great fit!
",@karlberglind,US Army Fatigue Pants (Og147)
"https://www.instagram.com/p/CDhtSpnlYzT/
","@dylanjaeb wearing @dickiesskate carpenter jeans.  What a great fit!
",@dylanjaeb,@dickiesskate carpenter jeans
"https://www.instagram.com/p/CDfBRN5FwRT/
","@walkerryan wearing @polarskateco surf pants. What a great fit!
",@walkerryan,@polarskateco surf pants
"https://www.instagram.com/p/CDcVcVmFZBQ/
","@erikhherrera wearing @levis 550 relaxed fit jeans.  What a great fit!
",@erikhherrera,@levis 550 relaxed fit jeans
"https://www.instagram.com/p/CDbQRRVFhC1/
","@taylormcclung wearing @poloralphlauren cords.  What a great fit!
",@taylormcclung,@poloralphlauren cords
"https://www.instagram.com/p/CDaFR41FYfM/
","@dale_do wearing @dickiesskate 874.  What a great fit!
",@dale_do,@dickiesskate 874
"https://www.instagram.com/p/CDYxwMtFZ96/
","@lookatbensphoto wearing @buttergoods casual pants.  What a great fit!
",@lookatbensphoto,@buttergoods casual pants
"https://www.instagram.com/p/CDWjdGKFNwj/
","@tommyfynn wearing @carharttwip cargos.  What a great fit!
",@tommyfynn,@carharttwip cargos
"https://www.instagram.com/p/CDTf_ayFC08/
","@tedbarrow wearing @bendaviscompany originals (32x32). What a great fit!
",@tedbarrow,@bendaviscompany originals (32x32)
"https://www.instagram.com/p/CDQ8LsqlFL3/
","@dylnmills wearing @levis silver tab “baggy”. What a great fit!
",@dylnmills,@levis silver tab “baggy”
"https://www.instagram.com/p/CDOZI34lWjd/
","@deeddz wearing @ccdpants.  What a great fit!
",@deeddz,@ccdpants
"https://www.instagram.com/p/CDMdlyklGvU/
","@gabrielbjorsvik wearing @montageapparel Jamas Pants.  What a great fit!
",@gabrielbjorsvik,@montageapparel Jamas Pants
"https://www.instagram.com/p/CDJX-y5lPpP/
","@karstenkleppan wearing @levis silver tabs “baggy”, that he hemmed.  What a great fit!
",@karstenkleppan,"@levis silver tabs “baggy”, that he hemmed"
"https://www.instagram.com/p/CDGu1UilG1L/
","@oski wearing @polarskateco shorts.  What a great fit!
",@oski,@polarskateco shorts
"https://www.instagram.com/p/CDEfdUVFhh3/
","@robinfournier_ wearing @asos baggy jeans in washed black.  What a great fit!
",@robinfournier_,@asos baggy jeans in washed black
"https://www.instagram.com/p/CDCJMG6Fdcu/
","@suminaynay wearing @levis 560 XL.  What a great fit!
",@suminaynay,@levis 560 XL
"https://www.instagram.com/p/CDBjK9cFtey/
","@saschadaley wearing new @elementbrand pants (coming soon). What a great fit!
",@saschadaley,new @elementbrand pants (coming soon)
"https://www.instagram.com/p/CC-_RGFFhKz/
","@duckkovacs wearing vintage Scandia Woods pants.  What a great fit!
",@duckkovacs,vintage Scandia Woods pants
"https://www.instagram.com/p/CC9g1GFlG08/
","@alliversutton wearing @carharttwip simple pant. What a great fit!
",@alliversutton,@carharttwip simple pant
"https://www.instagram.com/p/CC8f_yTFYj1/
","@jonathan_sjoberg wearing @polarskateco big boys.  What a great fit!
",@jonathan_sjoberg,@polarskateco big boys
"https://www.instagram.com/p/CC533JhFDl-/
","@gucc1t_ wearing @calvinklein jeans.  What a great fit!
",@gucc1t_,@calvinklein jeans
"https://www.instagram.com/p/CC3OMj4lEaJ/
","@barneypage wearing @soursolution pants.  What a great fit!
",@barneypage,@soursolution pants
"https://www.instagram.com/p/CC0n8jilOrn/
","@tannrrlawlrr wearing @altamont regular fit jeans (34x34). What a great fit!
",@tannrrlawlrr,@altamont regular fit jeans (34x34)
"https://www.instagram.com/p/CCyHxlYFkKr/
","@thaynancosta wearing @enjoi jeans.  What a great fit!
",@thaynancosta,@enjoi jeans
"https://www.instagram.com/p/CCvXkOclr1V/
","@kevinbrotherbraun wearing @dockerskhakis corduroys.  What a great fit!
",@kevinbrotherbraun,@dockerskhakis corduroys
"https://www.instagram.com/p/CCs2l-klcPu/
","@dylanjaeb wearing @dickies flex fit (36x30). What a great fit!
",@dylanjaeb,@dickies flex fit (36x30)
"https://www.instagram.com/p/CCqdVgrFytX/
","@jake_wooten wearing J Riggins “American Made” corduroy pants.  What a great fit!
",@jake_wooten,J Riggins “American Made” corduroy pants
"https://www.instagram.com/p/CCnqUg6lGnm/
","@nisseing wearing @dickiesskate 874 original fit.  What a great fit!
",@nisseing,@dickiesskate 874 original fit
"https://www.instagram.com/p/CClH_KAFZrO/
","@avimalina wearing vintage @tommyhilfiger jeans.  What a great fit!
",@avimalina,vintage @tommyhilfiger jeans
"https://www.instagram.com/p/CCgyBcXF74A/
","@ryantownley wearing @dickiesskate 874 flex.  What a great fit! #shuvitcancer
",@ryantownley,@dickiesskate 874 flex
"https://www.instagram.com/p/CCgVsoLFIQm/
","@erikhherrera wearing @redkap Dura-Kap Industrial Work Pants.  What a great fit!
",@erikhherrera,@redkap Dura-Kap Industrial Work Pants
"https://www.instagram.com/p/CCeX1FAl2JD/
","Submission Post: @peganpegan wearing @wearpedritos. Trying something new here and featuring submissions I receive.  Thoughts?
",@peganpegan,@wearpedritos. Trying something new here and featuring submissions I receive
"https://www.instagram.com/p/CCdgKXllZnl/
","@don_bonbon__ wearing @polarskateco 93s in light blue.  What a great fit!
",@don_bonbon__,@polarskateco 93s in light blue
"https://www.instagram.com/p/CCbs7y2FcVh/
","@jamminonone wearing @tightbooth pants.  What a great fit!
",@jamminonone,@tightbooth pants
"https://www.instagram.com/p/CCZk1BBlIRP/
","@carlisleaikens wearing @polarskateco big boy cords and @bradcromer wearing vintage @levis silver tabs.  What great fits!
",@carlisleaikens,@polarskateco big boy cords and @bradcromer wearing vintage @levis silver tabs
"https://www.instagram.com/p/CCYV-JVlcfQ/
","@noahnayef wearing @polarskateco ‘93 cords pants.  What a great fit!
",@noahnayef,@polarskateco ‘93 cords pants
"https://www.instagram.com/p/CCVw8GYlNEO/
","@dennypham wearing @skatedeluxe_skateshop SK8DLX Cargo Pants.  What a great fit!
",@dennypham,@skatedeluxe_skateshop SK8DLX Cargo Pants
"https://www.instagram.com/p/CCTS5-dFV5v/
","@kaygeezeee wearing @polarskateco big boys.  What a great fit!
",@kaygeezeee,@polarskateco big boys
"https://www.instagram.com/p/CCQ6kgMFpyB/
","@josefskottjatta wearing @dc_skateboarding relaxed fit jeans.  What a great fit!
",@josefskottjatta,@dc_skateboarding relaxed fit jeans
"https://www.instagram.com/p/CCOZVdsFS09/
","@chimaferguson wearing @wrangler U shape straight fit jeans.  What a great fit!
",@chimaferguson,@wrangler U shape straight fit jeans
"https://www.instagram.com/p/CCMDBp1F1ol/
","@boycottbillionaire wearing @checksdowntown Carpenter Pants.  What a great fit!
",@boycottbillionaire,@checksdowntown Carpenter Pants
"https://www.instagram.com/p/CCI3hjylbNJ/
","@lil_tubsy wearing @polarskateco Big Boys.  What a great fit!
",@lil_tubsy,@polarskateco Big Boys
"https://www.instagram.com/p/CCGWLKLFjbj/
","@leovallsconnected wearing @magentaskateboards Plant Tracksuit Pants.  What a great fit!
",@leovallsconnected,@magentaskateboards Plant Tracksuit Pants
"https://www.instagram.com/p/CCDp_k0lybl/
","@robertpace_ wearing @volcom billow pants.  What a great fit!
",@robertpace_,@volcom billow pants
"https://www.instagram.com/p/CCBK1oCl6nJ/
","@oski wearing @polarskateco corduroy surf pants.  What a great fit!
",@oski,@polarskateco corduroy surf pants
"https://www.instagram.com/p/CB_pwMyFtOl/
","@adriel.skt wearing @dgk O.G.S. Cargo Pants.  What a great fit!
",@adriel.skt,@dgk O.G.S. Cargo Pants
"https://www.instagram.com/p/CB-l3DSFOtg/
","@bennetttoby wearing @levis 550 jeans.  What a great fit!
",@bennetttoby,@levis 550 jeans
"https://www.instagram.com/p/CB85Ry5FloC/
","@bigt100000 wearing @bananarepublic corduroys.  What a great fit!
",@bigt100000,@bananarepublic corduroys
"https://www.instagram.com/p/CB8Fp0kFRFN/
","@noravexplora wearing @loutre.co Bleached Cherry Pie Pants.  What a great fit!
",@noravexplora,@loutre.co Bleached Cherry Pie Pants
"https://www.instagram.com/p/CB6asdRFHlY/
","@judfarhat wearing @levis action slacks.  What a great fit!
",@judfarhat,@levis action slacks
"https://www.instagram.com/p/CB5bOgllwLf/
","@leovallsconnected wearing @dc_skateboarding Worker Relaxed Fit Jean.  What a great fit!
",@leovallsconnected,@dc_skateboarding Worker Relaxed Fit Jean
"https://www.instagram.com/p/CB22iN5ljwR/
","@_simonperrottet_ wearing @242ftp pants.  What a great fit!
",@_simonperrottet_,@242ftp pants
"https://www.instagram.com/p/CB0Rk8FlQbH/
","@erikhherrera wearing @levis 550 relaxed fit jeans.  What a great fit!
",@erikhherrera,@levis 550 relaxed fit jeans
"https://www.instagram.com/p/CBxybnxl4qJ/
","@philceja wearing @dickiesskate 874 Chinos.  What a great fit!
",@philceja,@dickiesskate 874 Chinos
"https://www.instagram.com/p/CBwXBMFlOuc/
","@frank.mp2 wearing @georgeatasda trousers.  What a great fit!
",@frank.mp2,@georgeatasda trousers
"https://www.instagram.com/p/CBvEzx8FVsK/
","@3v4n1 wearing @polarskateco surf pants.  What a great fit!
",@3v4n1,@polarskateco surf pants
"https://www.instagram.com/p/CBtVfCpl4rG/
","@johnnywornout wearing @511tactical pants.  What a great fit!
",@johnnywornout,@511tactical pants
"https://www.instagram.com/p/CBszhVeFw8V/
","@jeremy_leabres wearing @rvcaskate americana denim.  What a great fit!
",@jeremy_leabres,@rvcaskate americana denim
"https://www.instagram.com/p/CBqSp2RF4Ss/
","@ceeblues wearing @ceebluesstore samples.  What a great fit!
",@ceeblues,@ceebluesstore samples
"https://www.instagram.com/p/CBndj6gFdLn/
","@nappyfriedchicken wearing @metropolitanusa painter pants.  What a great fit!
",@nappyfriedchicken,@metropolitanusa painter pants
"https://www.instagram.com/p/CBltgiuFTs8/
","@danilebron wearing @nikesb chinos.  What a great fit!
",@danilebron,@nikesb chinos
"https://www.instagram.com/p/CBjejImFumx/
","@thaynancosta wearing @polarskateco Big Boy Jeans.  What a great fit!
",@thaynancosta,@polarskateco Big Boy Jeans
"https://www.instagram.com/p/CBgmZdmlRcy/
","@feedback_ts wearing @patagonia Steel Forge Denim Work Pants.  What a great fit!
",@feedback_ts,@patagonia Steel Forge Denim Work Pants
"https://www.instagram.com/p/CBehzZUFHG3/
","@chris_wimer wearing @rvca Americana Pants.  What a great fit!
",@chris_wimer,@rvca Americana Pants
"https://www.instagram.com/p/CBdEaQ5FsyR/
","@visit_ryangallant wearing Goodthreads (Amazon) Chinos.  What a great fit!
",@visit_ryangallant,Goodthreads (Amazon) Chinos
"https://www.instagram.com/p/CBasGaLl11i/
","@marcabarbier wearing @polarskateco Big Boy in size large.  What a great fit!
",@marcabarbier,@polarskateco Big Boy in size large
"https://www.instagram.com/p/CBYK8rpl6kf/
","@patricc_wolf wearing @titus supra pants.  What a great fit!
",@patricc_wolf,@titus supra pants
"https://www.instagram.com/p/CBVaeoyFiWx/
","@chimaferguson wearing @vansskate Authentic Glide Chino.  What a great fit!
",@chimaferguson,@vansskate Authentic Glide Chino
"https://www.instagram.com/p/CBS1Smgloi-/
","@spencerhamilton wearing @levis 550 in “Clif”, submission by @daily_dunch. What a great fit!
",@spencerhamilton,"@levis 550 in “Clif”, submission by @daily_dunch"
"https://www.instagram.com/p/CBQYTJkF_Ds/
","@abebethel wearing @wearpropper BDU Tactical Pants. What a great fit!
",@abebethel,@wearpropper BDU Tactical Pants
"https://www.instagram.com/p/CBN2BXvlq_g/
","@remy_tav wearing @polarskateco ‘93 Denim.  What a great fit!
",@remy_tav,@polarskateco ‘93 Denim
"https://www.instagram.com/p/CBJiBxfFzPI/
","@heitordasilva wearing thrift store find @marcjacobs.  What a great fit!
",@heitordasilva,thrift store find @marcjacobs
"https://www.instagram.com/p/CBGDHjGlWOK/
","@marksuciu wearing @sugarcanedenim 1947.  What a great fit!
",@marksuciu,@sugarcanedenim 1947
"https://www.instagram.com/p/CBDyXjLlxnI/
","@ryantownley wearing @dickiesskate 874 Flex Pants.  What a great fit!
",@ryantownley,@dickiesskate 874 Flex Pants
"https://www.instagram.com/p/CBB3S-AFjet/
","@neenwilliams wearing @urbnwaterco slacker pants.  What a great fit!
",@neenwilliams,@urbnwaterco slacker pants
"https://www.instagram.com/p/CA_HOKvFPPB/
","@bradcromer wearing vintage @levis silver tabs.  What a great fit!
",@bradcromer,vintage @levis silver tabs
"https://www.instagram.com/p/CA5DiIUFTkN/
","@coookie_doe wearing @dickiesskate flex fit pants.  What a great fit!
",@coookie_doe,@dickiesskate flex fit pants
"https://www.instagram.com/p/CA1Z0sGFdRY/
","@vivienfeil wearing @magentaskateboards climbing pants.  What a great fit!
",@vivienfeil,@magentaskateboards climbing pants
"https://www.instagram.com/p/CAyGfB6lYfy/
","@anthony_schultz wearing @dickiesskate 874.  What a great fit!
",@anthony_schultz,@dickiesskate 874
"https://www.instagram.com/p/CAv9O7QFFXu/
","@karstenkleppan wearing vintage @levis Silver Tab “Baggy”. What a great fit!
",@karstenkleppan,vintage @levis Silver Tab “Baggy”
"https://www.instagram.com/p/CAuw2tfFQVy/
","@nappyfriedchicken wearing @jcrew chinos he found for $8 at a thrift store.  What a great fit!
",@nappyfriedchicken,@jcrew chinos he found for $8 at a thrift store
"https://www.instagram.com/p/CAtJuwMlyEG/
","@mattfinley wearing @supremenewyork double knee pants.  What a great fit!
",@mattfinley,@supremenewyork double knee pants
"https://www.instagram.com/p/CAsKmJPlKNM/
","@hunterharlan wearing @levis silver tabs.  What a great fit!
",@hunterharlan,@levis silver tabs
"https://www.instagram.com/p/CAqpi1ZlnHI/
","@chrisroberts wearing @rvca pants.  What a great fit!
",@chrisroberts,@rvca pants
"https://www.instagram.com/p/CApv0l0F1JU/
","@seanmalto wearing @nikesb Dri-FIT Chino Pants.  What a great fit!
",@seanmalto,@nikesb Dri-FIT Chino Pants
"https://www.instagram.com/p/CAndKnZFJrl/
","@wukeeper wearing @ceebluesstore.  What a great fit!
",@wukeeper,@ceebluesstore
"https://www.instagram.com/p/CAklliYloxr/
","@sammy_montano wearing @globebrand Chunk Pants.  What a great fit!
",@sammy_montano,@globebrand Chunk Pants
"https://www.instagram.com/p/CAiJaOIl8Lw/
","@soypanday wearing @magentaskateboards chino pants.  What a great fit!
",@soypanday,@magentaskateboards chino pants
"https://www.instagram.com/p/CAdzIlAloSL/
","@rollersurfer wearing Army Surplus Baker Pants (OG107 - maybe Korean or Vietnam era). What a great fit!
",@rollersurfer,Army Surplus Baker Pants (OG107 - maybe Korean or Vietnam era)
"https://www.instagram.com/p/CAbqKOIFkOW/
","@caleb_mcneely wearing @ceebluesstore jeans.  What a great a fit!
",@caleb_mcneely,@ceebluesstore jeans
"https://www.instagram.com/p/CAap4ihlQd5/
","@mrstealyourboard wearing @polarskateco Big Boy Jeans.  What a great fit!
",@mrstealyourboard,@polarskateco Big Boy Jeans
"https://www.instagram.com/p/CAYydpZlkM-/
","@marcellocampanello wearing @landsend Hiking Pants in XL requested by @ghostmode. What great fit!
",@marcellocampanello,@landsend Hiking Pants in XL requested by @ghostmode
"https://www.instagram.com/p/CAU9q_ilS2g/
","@timjmz wearing @hidden_s_rank BDU v4.0.1 Olive.  What a great fit!
",@timjmz,@hidden_s_rank BDU v4.0.1 Olive
"https://www.instagram.com/p/CATkp2cF6kh/
","@tom_dull wearing @levis 560.  What a great fit!
",@tom_dull,@levis 560
"https://www.instagram.com/p/CAS9ScslgTK/
","@christiandufrene wearing @poloralphlauren golf cords.  What a great fit!
",@christiandufrene,@poloralphlauren golf cords
"https://www.instagram.com/p/CAQgpsbFyzd/
","@karstenkleppan wearing @tommyhilfiger cords. What a great fit!
",@karstenkleppan,@tommyhilfiger cords
"https://www.instagram.com/p/CAOT1udl2pJ/
","@mikeysantillan wearing @polarskateco surf pants.  What a great fit!
",@mikeysantillan,@polarskateco surf pants
"https://www.instagram.com/p/CALpGOhlmzx/
","@kidcobbs wearing @levisskateboarding work pants.  What a great fit!
",@kidcobbs,@levisskateboarding work pants
"https://www.instagram.com/p/CAIhDhYFlk5/
","@oski wearing @levis silver tabs.  What a great fit!
",@oski,@levis silver tabs
"https://www.instagram.com/p/CAG_GMZl-cY/
","@dickrizzo wearing @carharttwip ripstop cargo samples.  What a great fit!
",@dickrizzo,@carharttwip ripstop cargo samples
"https://www.instagram.com/p/CAFfYrVFoUM/
","@skiduls wearing @brixton jeans.  What a great fit!
",@skiduls,@brixton jeans
"https://www.instagram.com/p/CAD7U0AFt5I/
","@tedbarrow (requested by @champagnenappypapi) wearing @bendaviscompany 100% Cotton Original Ben’s Pants.  What a great fit!
",@tedbarrow,@bendaviscompany 100% Cotton Original Ben’s Pants
"https://www.instagram.com/p/CAC-GBdFP65/
","@heitordasilva wearing @palaceskateboards track pants.  What a great fit!
",@heitordasilva,@palaceskateboards track pants
"https://www.instagram.com/p/CABK906FsGY/
","@remy_tav wearing @carharttwip Camper Pant.  What a great fit!
",@remy_tav,@carharttwip Camper Pant
"https://www.instagram.com/p/CAA5cMkF9cD/
","@smokeeyes wearing @levis 501s.  What a great fit!
",@smokeeyes,@levis 501s
"https://www.instagram.com/p/B_-a2a8l8Qn/
","@erikellington wearing @totalluxuryspa rave pants in maroon.  What a great fit!
",@erikellington,@totalluxuryspa rave pants in maroon
"https://www.instagram.com/p/B_9-h8cFhP1/
","@lincoln_square wearing @polarskateco Big Boy Jeans.  What a great fit!
",@lincoln_square,@polarskateco Big Boy Jeans
"https://www.instagram.com/p/B_7RDvNlU8M/
","@ryan_lay wearing @prana breath climbing pants.  What a great fit!
",@ryan_lay,@prana breath climbing pants
"https://www.instagram.com/p/B_6D61pl4LL/
","@feedback_ts wearing @supremenewyork double knee work pants as requested by @harrison.brand.  What a great fit!
",@feedback_ts,@supremenewyork double knee work pants as requested by @harrison.brand
"https://www.instagram.com/p/B_5ZStxFOB-/
","@deeddz wearing some @ccdpants.  What a great fit!
",@deeddz,some @ccdpants
"https://www.instagram.com/p/B_4qHXxF79M/
","@carlisleaikens wearing loose fit double knee @dickiesskate pants.  What a great fit!
",@carlisleaikens,loose fit double knee @dickiesskate pants
"https://www.instagram.com/p/B_2KSYPFp5m/
","@hjaltehalberg wearing @polarskateco 93 denim.  What a great fit!
",@hjaltehalberg,@polarskateco 93 denim
"https://www.instagram.com/p/B_1H6CaFoGE/
","@willfyock wearing @roark revival layover pants.  What a great fit!
",@willfyock,@roark revival layover pants
"https://www.instagram.com/p/B_zpXgTF8P6/
","@kevinspankylong wearing @rvca cropped relax fit pants. What a great fit!
",@kevinspankylong,@rvca cropped relax fit pants
"https://www.instagram.com/p/B_ynnCgllXa/
","@tysonbowerbank wearing Goodfellow & Co. (@target) chinos. What a great fit!
",@tysonbowerbank,Goodfellow & Co. (@target) chinos
"https://www.instagram.com/p/B_x7EY7l8qH/
","@darylangel wearing @ralphlauren chinos. What a great fit!
",@darylangel,@ralphlauren chinos
"https://www.instagram.com/p/B_sRB74Ft4F/
","@wukeeper wearing his “lucky as fuck” jeans that are unknown. While this isn’t helpful as to what these are, these jeans in particular were highly requested. What a great fit!
",@wukeeper,"his “lucky as fuck” jeans that are unknown. While this isn’t helpful as to what these are, these jeans in particular were highly requested"
"https://www.instagram.com/p/B_q0IYLl_KH/
","@leovallsconnected wearing @magentaskateboards chinos filmed by @davemanaud. What a great fit!
",@leovallsconnected,@magentaskateboards chinos filmed by @davemanaud
"https://www.instagram.com/p/B_oKtTBHWb3/
","@shin_sanbongi wearing @polarskateco surf pants in mallard green. What a great fit!
",@shin_sanbongi,@polarskateco surf pants in mallard green
"https://www.instagram.com/p/B_lZPOJner6/
","@7im7im wearing @dickiesskate Dickies 874. What a great fit!
",@7im7im,@dickiesskate Dickies 874
"https://www.instagram.com/p/B_gEi2rn-pZ/
","@runeglifberg wearing @nikesb cargos. What a great fit!
",@runeglifberg,@nikesb cargos
"https://www.instagram.com/p/B_c866LHCL0/
","@ceeblues wearing some of his very own samples from @ceebluesstore. What a great fit!
",@ceeblues,some of his very own samples from @ceebluesstore
"https://www.instagram.com/p/B_bTNlBnRGC/
","@bradcromer wearing Vintage Levi’s Silvertabs. What a great fit!
",@bradcromer,Vintage Levi’s Silvertabs
"https://www.instagram.com/p/B_ayi_JH-kR/
","@andrewbrophy wearing @dickiesskate that he cut off. What a great fit!
",@andrewbrophy,@dickiesskate that he cut off
"https://www.instagram.com/p/B_aQUS-nWhq/
","@lookatbensphoto wearing @theoriesbrand cargos with the cargo pockets unstitched. What a great fit!
",@lookatbensphoto,@theoriesbrand cargos with the cargo pockets unstitched
"https://www.instagram.com/p/B_aFCozHCz-/
","@paulshier wearing @nocomplyatx cargo pants. What a great fit!
",@paulshier,@nocomplyatx cargo pants
"https://www.instagram.com/p/B_YF5g0nwWn/
","@erikellington wearing Wranglers. What a great fit!
",@erikellington,Wranglers
https://www.instagram.com/p/B_X0UPBHlNX/,@tedbarrow wearing Supreme Work Chinos. What a great fit!,@tedbarrow,Supreme Work Chinos
